{
 "all": {
  "decoder": {
   "Aztec": {
    "enabled": true
   },
   "MaxiCode": {
    "enabled": true
   },
   "Aztec Compact": {
    "enabled": true
   },
   "QR": {
    "enabled": true
   },
   "QR Micro": {
    "enabled": true
   },
   "Code 128": {
    "enabled": true,
    "minimumLength": 0,
    "maximumLength": 0
   },
   "Code 93": {
    "enabled": true,
    "minimumLength": 0,
    "maximumLength": 0
   },
   "Code 39": {
    "enabled": true,
    "minimumLength": 0,
    "maximumLength": 0,
    "checksum": 0
   },
   "Codabar": {
    "enabled": true,
    "minimumLength": 0,
    "maximumLength": 0
   },
   "Code 11": {
    "enabled": true,
    "minimumLength": 0,
    "maximumLength": 0,
    "checksum": 0
   },
   "MSI": {
    "enabled": true,
    "minimumLength": 4,
    "maximumLength": 0,
    "checksum": 1
   },
   "Upc-A": {
    "enabled": true
   },
   "Upc-E": {
    "enabled": true
   },
   "Ean-13": {
    "enabled": true
   },
   "Ean-8": {
    "enabled": true
   },
   "PDF 417": {
    "enabled": true
   },
   "PDF 417 Micro": {
    "enabled": true
   },
   "Data Matrix": {
    "enabled": true,
    "dpmMode": 0
   },
   "Code 25": {
    "enabled": true,
    "checksum": 0,
    "minimumLength": 0,
    "maximumLength": 0
   },
   "Interleaved 2 of 5": {
    "enabled": true,
    "checksum": 0,
    "minimumLength": 0,
    "maximumLength": 0
   },
   "ITF 14": {
    "enabled": true
   },
   "IATA 25": {
    "enabled": true,
    "checksum": 0,
    "minimumLength": 0,
    "maximumLength": 0
   },
   "Matrix 25": {
    "enabled": true,
    "checksum": 0,
    "minimumLength": 0,
    "maximumLength": 0
   },
   "Datalogic 25": {
    "enabled": true,
    "checksum": 0,
    "minimumLength": 0,
    "maximumLength": 0
   },
   "COOP 25": {
    "enabled": true,
    "checksum": 0,
    "minimumLength": 0,
    "maximumLength": 0
   },
   "Code 32": {
    "enabled": true,
    "minimumLength": 0,
    "maximumLength": 0
   },
   "Telepen": {
    "enabled": true,
    "minimumLength": 0,
    "maximumLength": 0
   },
   "Databar 14": {
     "enabled": true
   },
   "Databar Expanded": {
     "enabled": true
   },
   "Databar Limited": {
     "enabled": true
   },
   "Postal IMB": {
    "enabled": true
   },
   "Postnet": {
    "enabled": false
   },
   "Planet": {
    "enabled": false
   },
   "Australian Post": {
    "enabled": false
   },
   "Royal Mail": {
    "enabled": true
   },
   "KIX": {
    "enabled": false
   },
   "Japanese Post": {
    "enabled": false
   },
   "general": {
    "maxThreads": 2,
    "decodingSpeed": 1,
    "roi_x": 0,
    "roi_y": 0,
    "roi_w": 100,
    "roi_h": 100,
    "formattingType": 1,
    "duplicatesDelayMs": 0,
    "encodingCharacterSet": "",
    "multicodeCachingEnabled": true,
    "multicodeCachingDuration": 1000,
    "enableMisshaped1D": false,
    "upcEanDeblur": false,
    "enableVINRestrictions": false,
    "thresholdBetweenDuplicatesScans": 5
   }
  },
  "locationLineColor": -65536,
  "locationLineWidth": 4,
  "roiLineColor": -65536,
  "roiLineWidth": 3,
  "roiOverlayBackgroundColor": 1711276032,
  "closeSessionOnResultEnabled": true,
  "imageResultEnabled": false,
  "locationInImageResultEnabled": false,
  "locationInPreviewEnabled": true,
  "pinchToZoomEnabled": false,
  "regionOfInterestVisible": false,
  "barkoderResolution": 0,
  "beepOnSuccessEnabled": true,
  "vibrateOnSuccessEnabled": false
 },
 "pdf_optimized": {
  "decoder": {
   "PDF 417": {
    "enabled": true
   },
   "PDF 417 Micro": {
    "enabled": true
   },
   "general": {
    "maxThreads": 2,
    "decodingSpeed": 2,
    "roi_x": 0,
    "roi_y": 0,
    "roi_w": 100,
    "roi_h": 100,
    "formattingType": 1,
    "duplicatesDelayMs": 0,
    "encodingCharacterSet": "",
    "multicodeCachingEnabled": true,
    "multicodeCachingDuration": 1000,
    "enableMisshaped1D": false,
    "upcEanDeblur": false,
    "enableVINRestrictions": false,
    "thresholdBetweenDuplicatesScans": 5
   }
  },
  "locationLineColor": -65536,
  "locationLineWidth": 4,
  "roiLineColor": -65536,
  "roiLineWidth": 3,
  "roiOverlayBackgroundColor": 1711276032,
  "closeSessionOnResultEnabled": true,
  "imageResultEnabled": false,
  "locationInImageResultEnabled": false,
  "locationInPreviewEnabled": true,
  "pinchToZoomEnabled": false,
  "regionOfInterestVisible": false,
  "barkoderResolution": 1,
  "beepOnSuccessEnabled": true,
  "vibrateOnSuccessEnabled": false
 },
 "qr": {
  "decoder": {
   "QR": {
    "enabled": true
   },
   "QR Micro": {
    "enabled": true
   },
   "general": {
    "maxThreads": 2,
    "decodingSpeed": 2,
    "roi_x": 0,
    "roi_y": 0,
    "roi_w": 100,
    "roi_h": 100,
    "formattingType": 0,
    "duplicatesDelayMs": 0,
    "encodingCharacterSet": "",
    "multicodeCachingEnabled": true,
    "multicodeCachingDuration": 1000,
    "enableMisshaped1D": false,
    "upcEanDeblur": false,
    "enableVINRestrictions": false,
    "thresholdBetweenDuplicatesScans": 5
   }
  },
  "locationLineColor": -65536,
  "locationLineWidth": 4,
  "roiLineColor": -65536,
  "roiLineWidth": 3,
  "roiOverlayBackgroundColor": 1711276032,
  "closeSessionOnResultEnabled": true,
  "imageResultEnabled": false,
  "locationInImageResultEnabled": false,
  "locationInPreviewEnabled": true,
  "pinchToZoomEnabled": false,
  "regionOfInterestVisible": false,
  "barkoderResolution": 1,
  "beepOnSuccessEnabled": true,
  "vibrateOnSuccessEnabled": true
 },
 "retail_1d": {
  "decoder": {
   "Upc-A": {
    "enabled": true
   },
   "Upc-E": {
    "enabled": true
   },
   "Ean-13": {
    "enabled": true
   },
   "Ean-8": {
    "enabled": true
   },
   "Code 128": {
    "enabled": false,
    "minimumLength": 0,
    "maximumLength": 0
   },
   "Databar 14": {
     "enabled": true
   },
   "Databar Expanded": {
     "enabled": false
   },
   "Databar Limited": {
     "enabled": false
   },
   "general": {
    "maxThreads": 2,
    "decodingSpeed": 2,
    "roi_x": 0,
    "roi_y": 0,
    "roi_w": 100,
    "roi_h": 100,
    "formattingType": 0,
    "duplicatesDelayMs": 0,
    "encodingCharacterSet": "",
    "multicodeCachingEnabled": true,
    "multicodeCachingDuration": 1000,
    "enableMisshaped1D": false,
    "upcEanDeblur": true,
    "enableVINRestrictions": false,
    "thresholdBetweenDuplicatesScans": 5
   }
  },
  "locationLineColor": -65536,
  "locationLineWidth": 4,
  "roiLineColor": -65536,
  "roiLineWidth": 3,
  "roiOverlayBackgroundColor": 1711276032,
  "closeSessionOnResultEnabled": true,
  "imageResultEnabled": false,
  "locationInImageResultEnabled": false,
  "locationInPreviewEnabled": true,
  "pinchToZoomEnabled": false,
  "regionOfInterestVisible": false,
  "barkoderResolution": 1,
  "beepOnSuccessEnabled": true,
  "vibrateOnSuccessEnabled": false
 },
 "industrial_1d": {
  "decoder": {
   "Code 128": {
    "enabled": true,
    "minimumLength": 0,
    "maximumLength": 0
   },
   "Code 93": {
    "enabled": true,
    "minimumLength": 0,
    "maximumLength": 0
   },
   "Code 39": {
    "enabled": true,
    "minimumLength": 0,
    "maximumLength": 0,
    "checksum": 0
   },
   "Code 25": {
    "enabled": true,
    "checksum": 0,
    "minimumLength": 0,
    "maximumLength": 0
   },
   "Codabar": {
    "enabled": true,
    "minimumLength": 0,
    "maximumLength": 0
   },
   "Code 11": {
    "enabled": true,
    "minimumLength": 0,
    "maximumLength": 0,
    "checksum": 0
   },
   "Interleaved 2 of 5": {
    "enabled": true,
    "checksum": 0,
    "minimumLength": 0,
    "maximumLength": 0
   },
   "ITF 14": {
    "enabled": true
   },
   "Telepen": {
    "enabled": true,
    "minimumLength": 0,
    "maximumLength": 0
   },
   "Databar 14": {
     "enabled": true
   },
   "Databar Expanded": {
     "enabled": true
   },
   "Databar Limited": {
     "enabled": true
   },
   "general": {
    "maxThreads": 2,
    "decodingSpeed": 2,
    "roi_x": 0,
    "roi_y": 0,
    "roi_w": 100,
    "roi_h": 100,
    "formattingType": 0,
    "duplicatesDelayMs": 0,
    "encodingCharacterSet": "",
    "multicodeCachingEnabled": true,
    "multicodeCachingDuration": 1000,
    "enableMisshaped1D": false,
    "upcEanDeblur": false,
    "enableVINRestrictions": false,
    "thresholdBetweenDuplicatesScans": 5
   }
  },
  "locationLineColor": -65536,
  "locationLineWidth": 4,
  "roiLineColor": -65536,
  "roiLineWidth": 3,
  "roiOverlayBackgroundColor": 1711276032,
  "closeSessionOnResultEnabled": true,
  "imageResultEnabled": false,
  "locationInImageResultEnabled": false,
  "locationInPreviewEnabled": true,
  "pinchToZoomEnabled": false,
  "regionOfInterestVisible": false,
  "barkoderResolution": 1,
  "beepOnSuccessEnabled": true,
  "vibrateOnSuccessEnabled": false
 },
 "all_2d": {
  "decoder": {
   "Aztec": {
    "enabled": true
   },
   "MaxiCode": {
    "enabled": true
   },
   "Aztec Compact": {
    "enabled": true
   },
   "QR": {
    "enabled": true
   },
   "QR Micro": {
    "enabled": true
   },
   "Data Matrix": {
    "enabled": true,
    "dpmMode": 0
   },
   "general": {
    "maxThreads": 2,
    "decodingSpeed": 2,
    "roi_x": 0,
    "roi_y": 0,
    "roi_w": 100,
    "roi_h": 100,
    "formattingType": 0,
    "duplicatesDelayMs": 0,
    "encodingCharacterSet": "",
    "multicodeCachingEnabled": true,
    "multicodeCachingDuration": 1000,
    "enableMisshaped1D": false,
    "upcEanDeblur": false,
    "enableVINRestrictions": false,
    "thresholdBetweenDuplicatesScans": 5
   }
  },
  "locationLineColor": -65536,
  "locationLineWidth": 4,
  "roiLineColor": -65536,
  "roiLineWidth": 3,
  "roiOverlayBackgroundColor": 1711276032,
  "closeSessionOnResultEnabled": true,
  "imageResultEnabled": false,
  "locationInImageResultEnabled": false,
  "locationInPreviewEnabled": true,
  "pinchToZoomEnabled": false,
  "regionOfInterestVisible": false,
  "barkoderResolution": 1,
  "beepOnSuccessEnabled": true,
  "vibrateOnSuccessEnabled": false
 },
 "dpm": {
  "decoder": {
    "Data Matrix": {
       "enabled": true,
       "dpmMode": 1
     },
    "QR": {
       "enabled": true,
       "dpmMode": 1
     },
    "QR Micro": {
       "enabled": true,
       "dpmMode": 1
     },
   "general": {
    "maxThreads": 2,
    "decodingSpeed": 2,
    "roi_x": 40,
    "roi_y": 40,
    "roi_w": 20,
    "roi_h": 9,
    "formattingType": 0,
    "duplicatesDelayMs": 0,
    "encodingCharacterSet": "",
    "multicodeCachingEnabled": true,
    "multicodeCachingDuration": 1000,
    "enableMisshaped1D": false,
    "upcEanDeblur": false,
    "enableVINRestrictions": false,
    "thresholdBetweenDuplicatesScans": 5
   }
  },
  "locationLineColor": -65536,
  "locationLineWidth": 4,
  "roiLineColor": -65536,
  "roiLineWidth": 3,
  "roiOverlayBackgroundColor": 1711276032,
  "closeSessionOnResultEnabled": true,
  "imageResultEnabled": false,
  "locationInImageResultEnabled": false,
  "locationInPreviewEnabled": true,
  "pinchToZoomEnabled": false,
  "regionOfInterestVisible": false,
  "barkoderResolution": 1,
  "beepOnSuccessEnabled": true,
  "vibrateOnSuccessEnabled": false
 },
 "vin": {
  "decoder": {
   "Code 39": {
    "enabled": true,
    "minimumLength": 0,
    "maximumLength": 0,
    "checksum": 0
   },
   "Code 128": {
    "enabled": true,
    "minimumLength": 0,
    "maximumLength": 0
   },
   "Data Matrix": {
    "enabled": true,
    "dpmMode": 0
   },
   "QR": {
    "enabled": true
   },
   "Code 39": {
    "enabled": true
   },
   "OCR Text": {
    "enabled": true
   },
   "general": {
    "maxThreads": 2,
    "decodingSpeed": 2,
    "roi_x": 0,
    "roi_y": 0,
    "roi_w": 100,
    "roi_h": 100,
    "formattingType": 0,
    "duplicatesDelayMs": 0,
    "encodingCharacterSet": "",
    "multicodeCachingEnabled": true,
    "multicodeCachingDuration": 1000,
    "enableMisshaped1D": false,
    "upcEanDeblur": false,
    "enableVINRestrictions": true,
    "thresholdBetweenDuplicatesScans": 5
   }
  },
  "locationLineColor": -65536,
  "locationLineWidth": 4,
  "roiLineColor": -65536,
  "roiLineWidth": 3,
  "roiOverlayBackgroundColor": 1711276032,
  "closeSessionOnResultEnabled": true,
  "imageResultEnabled": false,
  "locationInImageResultEnabled": false,
  "locationInPreviewEnabled": true,
  "pinchToZoomEnabled": false,
  "regionOfInterestVisible": false,
  "barkoderResolution": 1,
  "beepOnSuccessEnabled": true,
  "vibrateOnSuccessEnabled": false
 },
 "dotcode": {
    "decoder": {
     "Dotcode": {
      "enabled": true
     },
     "general": {
      "maxThreads": 2,
      "decodingSpeed": 2,
      "roi_x": 30,
      "roi_y": 40,
      "roi_w": 40,
      "roi_h": 9,
      "formattingType": 0,
      "duplicatesDelayMs": 0,
      "encodingCharacterSet": "",
      "multicodeCachingEnabled": true,
      "multicodeCachingDuration": 1000,
      "enableMisshaped1D": false,
      "upcEanDeblur": false,
      "enableVINRestrictions": false,
      "thresholdBetweenDuplicatesScans": 5
     }
    },
    "locationLineColor": -65536,
    "locationLineWidth": 4,
    "roiLineColor": -65536,
    "roiLineWidth": 3,
    "roiOverlayBackgroundColor": 1711276032,
    "closeSessionOnResultEnabled": true,
    "imageResultEnabled": false,
    "locationInImageResultEnabled": false,
    "locationInPreviewEnabled": true,
    "pinchToZoomEnabled": false,
    "regionOfInterestVisible": false,
    "barkoderResolution": 1,
    "beepOnSuccessEnabled": true,
    "vibrateOnSuccessEnabled": false
   },
   "all_1d": {
      "decoder": {
         "Code 128": {
            "enabled": true,
            "minimumLength": 0,
            "maximumLength": 0
           },
           "Code 93": {
            "enabled": true,
            "minimumLength": 0,
            "maximumLength": 0
           },
           "Code 39": {
            "enabled": true,
            "minimumLength": 0,
            "maximumLength": 0,
            "checksum": 0
           },
           "Codabar": {
            "enabled": true,
            "minimumLength": 0,
            "maximumLength": 0
           },
           "Code 11": {
            "enabled": true,
            "minimumLength": 0,
            "maximumLength": 0,
            "checksum": 0
           },
           "MSI": {
            "enabled": false,
            "minimumLength": 0,
            "maximumLength": 0,
            "checksum": 1
           },
           "Upc-A": {
            "enabled": true
           },
           "Upc-E": {
            "enabled": true
           },
           "Upc-E1": {
            "enabled": false
           },
           "Ean-13": {
            "enabled": true
           },
           "Ean-8": {
            "enabled": true
           },
           "Code 25": {
            "enabled": true,
            "checksum": 0,
            "minimumLength": 0,
            "maximumLength": 0
           },
           "Interleaved 2 of 5": {
            "enabled": true,
            "checksum": 0,
            "minimumLength": 0,
            "maximumLength": 0
           },
           "ITF 14": {
            "enabled": true
           },
           "IATA 25": {
            "enabled": false,
            "checksum": 0,
            "minimumLength": 0,
            "maximumLength": 0
           },
           "Matrix 25": {
            "enabled": false,
            "checksum": 0,
            "minimumLength": 0,
            "maximumLength": 0
           },
           "Datalogic 25": {
            "enabled": false,
            "checksum": 0,
            "minimumLength": 0,
            "maximumLength": 0
           },
           "COOP 25": {
            "enabled": false,
            "checksum": 0,
            "minimumLength": 0,
            "maximumLength": 0
           },
           "Code 32": {
            "enabled": false,
            "minimumLength": 0,
            "maximumLength": 0
           },
           "Telepen": {
            "enabled": true,
            "minimumLength": 0,
            "maximumLength": 0
           },
           "Databar 14": {
             "enabled": true
           },
           "Databar Expanded": {
             "enabled": true
           },
           "Databar Limited": {
             "enabled": true
           },
       "Postal IMB": {
        "enabled": true
       },
       "Postnet": {
        "enabled": false
       },
       "Planet": {
        "enabled": false
       },
       "Australian Post": {
        "enabled": false
       },
       "Royal Mail": {
        "enabled": true
       },
       "KIX": {
        "enabled": false
       },
       "Japanese Post": {
        "enabled": false
       },
       "general": {
        "maxThreads": 2,
        "decodingSpeed": 2,
        "roi_x": 0,
        "roi_y": 0,
        "roi_w": 100,
        "roi_h": 100,
        "formattingType": 0,
        "duplicatesDelayMs": 0,
        "encodingCharacterSet": "",
        "multicodeCachingEnabled": true,
        "multicodeCachingDuration": 1000,
        "enableMisshaped1D": false,
        "upcEanDeblur": false,
        "enableVINRestrictions": false,
        "thresholdBetweenDuplicatesScans": 5
       }
      },
      "locationLineColor": -65536,
      "locationLineWidth": 4,
      "roiLineColor": -65536,
      "roiLineWidth": 3,
      "roiOverlayBackgroundColor": 1711276032,
      "closeSessionOnResultEnabled": true,
      "imageResultEnabled": false,
      "locationInImageResultEnabled": false,
      "locationInPreviewEnabled": true,
      "pinchToZoomEnabled": false,
      "regionOfInterestVisible": false,
      "barkoderResolution": 1,
      "beepOnSuccessEnabled": true,
      "vibrateOnSuccessEnabled": false
     },
   "mrz": {
       "decoder": {
         "ID Document": {
           "enabled": true,
           "masterChecksum": 0
         },
         "general": {
           "maxThreads": 2,
           "decodingSpeed": 2,
           "roi_x": 0,
           "roi_y": 0,
           "roi_w": 100,
           "roi_h": 100,
           "formattingType": 0,
           "duplicatesDelayMs": 0,
           "encodingCharacterSet": "",
           "multicodeCachingEnabled": true,
           "multicodeCachingDuration": 1000,
           "enableMisshaped1D": false,
           "upcEanDeblur": false,
           "enableVINRestrictions": false,
           "thresholdBetweenDuplicatesScans": 5,
           "mrzResultDialogOnResultEnabled": true
         }
       },
       "locationLineColor": -65536,
       "locationLineWidth": 4,
       "roiLineColor": -65536,
       "roiLineWidth": 3,
       "roiOverlayBackgroundColor": 1711276032,
       "closeSessionOnResultEnabled": true,
       "imageResultEnabled": false,
       "locationInImageResultEnabled": false,
       "locationInPreviewEnabled": true,
       "pinchToZoomEnabled": false,
       "regionOfInterestVisible": true,
       "barkoderResolution": 1,
       "beepOnSuccessEnabled": true,
       "vibrateOnSuccessEnabled": false
     },
   "gallery_scan": {
         "decoder": {
         "ID Document": {
           "enabled": true,
           "masterChecksum": 0
            },
          "Aztec": {
           "enabled": true
          },
          "MaxiCode": {
           "enabled": true
          },
          "Aztec Compact": {
           "enabled": true
          },
          "QR": {
           "enabled": true
          },
          "QR Micro": {
           "enabled": true
          },
          "Code 128": {
           "enabled": true,
           "minimumLength": 0,
           "maximumLength": 0
          },
          "Code 93": {
           "enabled": true,
           "minimumLength": 0,
           "maximumLength": 0
          },
          "Code 39": {
           "enabled": true,
           "minimumLength": 0,
           "maximumLength": 0,
           "checksum": 0
          },
          "Codabar": {
           "enabled": true,
           "minimumLength": 0,
           "maximumLength": 0
          },
          "Code 11": {
           "enabled": true,
           "minimumLength": 0,
           "maximumLength": 0,
           "checksum": 0
          },
          "MSI": {
           "enabled": true,
           "minimumLength": 4,
           "maximumLength": 0,
           "checksum": 1
          },
          "Upc-A": {
           "enabled": true
          },
          "Upc-E": {
           "enabled": true
          },
          "Ean-13": {
           "enabled": true
          },
          "Ean-8": {
           "enabled": true
          },
          "PDF 417": {
           "enabled": true
          },
          "PDF 417 Micro": {
           "enabled": true
          },
          "Data Matrix": {
           "enabled": true,
           "dpmMode": 1
          },
           "QR": {
            "enabled": true,
            "dpmMode": 1
            },
           "QR Micro": {
            "enabled": true,
            "dpmMode": 1
            },
          "Code 25": {
           "enabled": true,
           "checksum": 0,
           "minimumLength": 0,
           "maximumLength": 0
          },
          "Interleaved 2 of 5": {
           "enabled": true,
           "checksum": 0,
           "minimumLength": 0,
           "maximumLength": 0
          },
          "ITF 14": {
           "enabled": true
          },
          "IATA 25": {
           "enabled": true,
           "checksum": 0,
           "minimumLength": 0,
           "maximumLength": 0
          },
          "Matrix 25": {
           "enabled": true,
           "checksum": 0,
           "minimumLength": 0,
           "maximumLength": 0
          },
          "Datalogic 25": {
           "enabled": false,
           "checksum": 0,
           "minimumLength": 0,
           "maximumLength": 0
          },
          "COOP 25": {
           "enabled": true,
           "checksum": 0,
           "minimumLength": 0,
           "maximumLength": 0
          },
          "Code 32": {
           "enabled": true,
           "minimumLength": 0,
           "maximumLength": 0
          },
          "Telepen": {
           "enabled": true,
           "minimumLength": 0,
           "maximumLength": 0
          },
          "Dotcode": {
           "enabled": true
          },
          "Postnet": {
           "enabled": true
          },
          "Postal IMB": {
           "enabled": true
          },
          "Planet": {
           "enabled": true
          },
          "Australian Post": {
           "enabled": true
          },
          "Royal Mail": {
           "enabled": true
          },
          "KIX": {
           "enabled": true
          },
          "Japanese Post": {
           "enabled": true
          },
          "Databar 14": {
           "enabled": true
          },
          "Databar Expanded": {
           "enabled": true
          },
          "Databar Limited": {
           "enabled": true
          },
          "general": {
           "maxThreads": 2,
           "decodingSpeed": 3,
           "enableComposite": 1,
           "roi_x": 0,
           "roi_y": 0,
           "roi_w": 100,
           "roi_h": 100,
           "formattingType": 1,
           "duplicatesDelayMs": 0,
           "encodingCharacterSet": "",
           "multicodeCachingEnabled": true,
           "multicodeCachingDuration": 1000,
           "enableMisshaped1D": true,
           "upcEanDeblur": true,
           "enableVINRestrictions": false,
           "thresholdBetweenDuplicatesScans": 5
          }
         },
         "locationLineColor": -65536,
         "locationLineWidth": 4,
         "roiLineColor": -65536,
         "roiLineWidth": 3,
         "roiOverlayBackgroundColor": 1711276032,
         "closeSessionOnResultEnabled": true,
         "imageResultEnabled": false,
         "locationInImageResultEnabled": false,
         "locationInPreviewEnabled": true,
         "pinchToZoomEnabled": false,
         "regionOfInterestVisible": false,
         "barkoderResolution": 0,
         "beepOnSuccessEnabled": true,
         "vibrateOnSuccessEnabled": false
        },
   "composite": {
     "decoder": {
       "Databar 14": {
         "enabled": true
       },
       "Databar Expanded": {
         "enabled": true
       },
       "Databar Limited": {
         "enabled": true
       },
       "Code 128": {
         "enabled": true,
         "minimumLength": 0,
         "maximumLength": 0
       },
       "Upc-A": {
         "enabled": true
       },
       "Upc-E": {
         "enabled": true
       },
       "Upc-E1": {
         "enabled": false
       },
       "Ean-13": {
         "enabled": true
       },
       "Ean-8": {
         "enabled": true
       },
       "PDF 417": {
         "enabled": true
       },
       "PDF 417 Micro": {
         "enabled": true
       },
       "general": {
         "maxThreads": 2,
         "decodingSpeed": 2,
         "enableComposite": 1,
         "roi_x": 0,
         "roi_y": 0,
         "roi_w": 100,
         "roi_h": 100,
         "formattingType": 2,
         "duplicatesDelayMs": 0,
         "encodingCharacterSet": "",
         "multicodeCachingEnabled": true,
         "multicodeCachingDuration": 1000,
         "enableMisshaped1D": false,
         "upcEanDeblur": true
       }
     },
     "closeSessionOnResultEnabled": true,
     "imageResultEnabled": false,
     "locationInImageResultEnabled": false,
     "locationInPreviewEnabled": true,
     "pinchToZoomEnabled": false,
     "regionOfInterestVisible": true,
     "barkoderResolution": 1,
     "beepOnSuccessEnabled": true,
     "vibrateOnSuccessEnabled": false
   },
 "postal_codes": {
  "decoder": {
   "Postnet": {
    "enabled": true
   },
   "Postal IMB": {
    "enabled": true
   },
   "Planet": {
    "enabled": true
   },
   "Australian Post": {
    "enabled": true
   },
   "Royal Mail": {
    "enabled": true
   },
   "KIX": {
    "enabled": true
   },
   "Japanese Post": {
    "enabled": true
   },
   "general": {
    "maxThreads": 2,
    "decodingSpeed": 2,
    "roi_x": 0,
    "roi_y": 0,
    "roi_w": 100,
    "roi_h": 100,
    "formattingType": 0,
    "duplicatesDelayMs": 0,
    "encodingCharacterSet": "",
    "multicodeCachingEnabled": true,
    "multicodeCachingDuration": 1000,
    "enableMisshaped1D": false,
    "upcEanDeblur": false,
    "enableVINRestrictions": false,
    "thresholdBetweenDuplicatesScans": 5
   }
  },
  "locationLineColor": -65536,
  "locationLineWidth": 2,
  "roiLineColor": -65536,
  "roiLineWidth": 3,
  "roiOverlayBackgroundColor": 1711276032,
  "closeSessionOnResultEnabled": true,
  "imageResultEnabled": false,
  "locationInImageResultEnabled": false,
  "locationInPreviewEnabled": true,
  "pinchToZoomEnabled": false,
  "regionOfInterestVisible": false,
  "barkoderResolution": 1,
  "beepOnSuccessEnabled": true,
  "vibrateOnSuccessEnabled": false
 },
 "ar": {
  "arConfig": {
   "arMode": 1,
   "resultDisappearanceDelayMs": 800,
   "locationTransitionSpeed": 0.3,
   "overlayFPS": 0,
   "locationType": 2,
   "doubleTapToFreezeEnabled": true,
   "headerShowMode": 2
  },
  "decoder": {
   "QR": {
    "enabled": true
   },
   "Code 128": {
    "enabled": true,
    "minimumLength": 0,
    "maximumLength": 0
   },
   "Code 39": {
    "enabled": true,
    "minimumLength": 0,
    "maximumLength": 0,
    "checksum": 0
   },
   "Upc-A": {
    "enabled": true
   },
   "Upc-E": {
    "enabled": true
   },
   "Ean-13": {
    "enabled": true
   },
   "Ean-8": {
    "enabled": true
   },
   "general": {
    "maxThreads": 2,
    "decodingSpeed": 2,
    "roi_x": 0,
    "roi_y": 0,
    "roi_w": 100,
    "roi_h": 100,
    "formattingType": 0,
    "duplicatesDelayMs": 0,
    "encodingCharacterSet": "",
    "multicodeCachingEnabled": false,
    "multicodeCachingDuration": 0,
    "maximumResultsCount": 200,
    "enableMisshaped1D": false,
    "upcEanDeblur": false,
    "enableVINRestrictions": false,
    "thresholdBetweenDuplicatesScans": 0
   }
  },
  "locationLineColor": -65536,
  "locationLineWidth": 4,
  "roiLineColor": -65536,
  "roiLineWidth": 3,
  "roiOverlayBackgroundColor": 1711276032,
  "closeSessionOnResultEnabled": false,
  "imageResultEnabled": false,
  "locationInImageResultEnabled": false,
  "locationInPreviewEnabled": true,
  "pinchToZoomEnabled": true,
  "regionOfInterestVisible": false,
  "barkoderResolution": 1,
  "beepOnSuccessEnabled": true,
  "vibrateOnSuccessEnabled": false
 }
}
